epoch,train_loss,train_acc,val_loss,val_acc,val_balanced_acc
1,2.001304873584831,0.4304614181438999,1.2630038062214473,0.6429603931772189,0.622289816042724
2,0.8499478655512813,0.7567778936392076,0.9692726594307892,0.7155247181266262,0.6926011356345751
3,0.5772926054421008,0.8248826903023984,0.9433711496658083,0.7273778548713501,0.7017740200022242
4,0.4682463157972529,0.852711157455683,0.9778511908813239,0.7346053772766695,0.7010694884497453
5,0.36388291062726963,0.8851668404588112,1.1218049344247254,0.7082971957213068,0.6859721578039092
6,0.27958324225279535,0.9124087591240876,0.9287240524862708,0.7507950274645852,0.7244006601527306
7,0.20477301505422443,0.9372393117831074,0.9549636891309359,0.7594680543509685,0.7389601110208197
8,0.15966839185596382,0.9517075078206465,0.8556461546782229,0.7895345475570974,0.7700520979907729
9,0.11320653986632513,0.9668274244004171,0.853086472212424,0.7889563457646719,0.760785317997825
10,0.07934084031206474,0.9779718456725756,0.8590667878282177,0.7990748771321191,0.7755057711735731
11,0.049732550392092456,0.9876173096976016,0.8527479272300227,0.7982075744434808,0.7736516448066949
12,0.04007336822832712,0.9909410844629822,0.8330956391944951,0.8071697022260769,0.7815545934316392
13,0.023404029729204082,0.995633472367049,0.8500427069709493,0.8074588031222897,0.7808391582043719
14,0.02054794337037209,0.9962200208550573,0.82666201304066,0.8100607111882047,0.7831727108499494
15,0.01969720500815617,0.9962200208550573,0.8218145862105404,0.8094825093957791,0.7828105430580873
